{"cameraMode":{"drawMode":0,"name":"Shaded","section":"Shading Mode"},"sceneLighting":true,"audioPlay":false,"sceneViewState":{"showFog":true,"showMaterialUpdate":false,"showSkybox":true,"showFlares":true,"showImageEffects":true,"showParticleSystems":true},"in2DMode":false,"pivot":{"x":-1619.2242431640625,"y":413.763671875,"z":-51.87720489501953},"rotation":{"x":-0.005319901276379824,"y":-0.9153189063072205,"z":0.40252482891082766,"w":-0.012090169824659825},"size":64.79949188232422,"orthographic":false}